Entity,Annual CO₂ emissions (per capita),Population,Continent,Total CO2
Afghanistan,0.30503938,39068978,Asia,11917576.826353641
Albania,1.7506745,2871951,Europe,5027851.3809495
Algeria,3.9099252,44042093,Africa,172201289.2814436
Andorra,4.8084607,77398,Europe,372165.2412586
Angola,0.50151193,33451140,Africa,16776145.782100203
Anguilla,9.152959,14864,North America,136049.582576
Antigua and Barbuda,6.6818023,91864,North America,613817.0864872
Argentina,3.7054682,45191960,South America,167457370.675672
Armenia,2.4233668,2890894,Asia,7005696.541919201
Aruba,8.352506,107411,North America,897151.021966
Australia,15.453229,25743787,Oceania,397824635.838223
Austria,6.9738197,8921402,Europe,62216249.0192194
Azerbaijan,3.5147688,10181736,Asia,35786448.0226368
Bahamas,5.3723545,395874,North America,2126775.465333
Bahrain,25.310665,1483081,Asia,37537766.358865
Bangladesh,0.5591592,166298024,Asia,92987070.0614208
Barbados,4.394483,281705,North America,1237947.833515
Belarus,6.1300716,9350943,Europe,57321950.1175188
Belgium,7.879573,11540103,Europe,90931084.016019
Belize,1.5530106,390819,North America,606946.0496814
Benin,0.6125594,13070170,Africa,8006255.493098
Bermuda,7.150552,64405,North America,460531.30156
Bhutan,1.190612,770014,Asia,916787.908568
Bolivia,1.5353591,11816300,South America,18142263.73333
Bonaire Sint Eustatius and Saba,4.3389106,26475,North America,114872.658135
Bosnia and Herzegovina,6.2776484,3299352,Europe,20712171.8038368
Botswana,2.1799212,2365895,Africa,5157464.667474
Brazil,2.0849533,208660845,South America,435048117.3635385
British Virgin Islands,5.2116117,37160,North America,193663.490772
Brunei,25.1325,447412,Asia,11244582.09
Bulgaria,5.234656,6933654,Europe,36295293.513024
Burkina Faso,0.24133267,21478692,Africa,5183510.08846764
Burundi,0.060208857,12617042,Africa,759657.677540994
Cambodia,1.1608452,16725482,Asia,19415695.4973864
Cameroon,0.36622167,26210566,Africa,9598877.25216522
Canada,13.799503,38171901,North America,526753262.36520296
Cape Verde,0.88668585,514684,Africa,456363.0200214
Central African Republic,0.044574007,5026629,Africa,224056.996232403
Chad,0.13693357,17224685,Africa,2358637.60917545
Chile,4.15424,19370619,South America,80470200.27455999
China,7.659333,1426106083,Asia,10923021383.022638
Colombia,1.7618332,50629997,South America,89201609.6305004
Comoros,0.47267568,802172,Africa,379167.19557696
Congo,1.2962588,5752791,Africa,7457105.9583108
Cook Islands,3.8681524,15663,Oceania,60586.8710412
Costa Rica,1.3201325,5034323,North America,6645973.4077975
Cote d'Ivoire,0.41096124,28915452,Africa,11883130.00908048
Croatia,4.1179047,3953957,Europe,16282018.113897901
Cuba,1.8828136,11176349,North America,21042981.8955464
Curacao,9.542373,185026,North America,1765587.1066979999
Cyprus,5.5843916,1302250,Asia,7272273.9611
Czechia,8.707416,10550130,Europe,91864370.76408
Democratic Republic of Congo,0.03995253,95989999,Africa,3835043.31474747
Denmark,4.8577814,5831530,Europe,28328297.967542004
Djibouti,0.35082307,1105194,Africa,387727.55202558
Dominica,2.187888,67589,North America,147877.162032
Dominican Republic,2.136578,11008297,North America,23520085.187666003
East Timor,0.49730384,1326051,Asia,659450.25433584
Ecuador,1.8710657,17546058,South America,32829827.2940106
Egypt,2.1182494,109315119,Africa,231556685.2326786
El Salvador,1.0479546,6234680,North America,6533661.585527999
Equatorial Guinea,3.4615319,1716479,Africa,5941646.8141801
Eritrea,0.18024033,3291277,Africa,593220.85260141
Estonia,6.949406,1329674,Europe,9240444.473644
Eswatini,0.9247956,1192733,Africa,1103034.2303748
Ethiopia,0.15197527,118917671,Africa,18072545.15799617
Faroe Islands,14.463158,52615,Europe,760979.05817
Fiji,1.1309409,914970,Oceania,1034776.995273
Finland,6.8243456,5529617,Europe,37736017.4436352
France,4.366297,65905273,Europe,287761995.78408104
French Polynesia,2.8031993,279219,Oceania,782706.5053467001
Gabon,2.5860782,2322536,Africa,6006259.718315201
Gambia,0.27188137,2515744,Africa,683983.92528928
Georgia,2.807964,3795680,Asia,10658132.79552
Germany,7.767432,83628711,Europe,649580325.940152
Ghana,0.59564954,31887801,Africa,18993953.997261543
Greece,5.2909575,10699370,Europe,56609911.946775004
Greenland,9.58365,56105,North America,537690.68325
Grenada,2.3405137,116353,North America,272325.7905361
Guatemala,0.99851304,17357331,North America,17331521.343096238
Guinea,0.34072992,13371187,Africa,4555963.47681504
Guinea-Bissau,0.14722605,2013259,Africa,296404.17019694997
Guyana,3.999438,807487,South America,3229494.192306
Haiti,0.22221673,11243847,North America,2498570.91296031
Honduras,0.94115144,10119637,North America,9524110.93482728
Hong Kong,4.4657145,7490240,Asia,33449273.37648
Hungary,4.8546357,9749460,Europe,47330076.571722
Iceland,9.107512,366626,Europe,3339050.694512
India,1.7341554,1402617692,Asia,2432357044.7173367
Indonesia,2.2290483,274814864,Asia,612575605.4139313
Iran,7.7787347,87723446,Asia,682377413.4037762
Iraq,3.7559109,42116604,Asia,158186212.0345836
Ireland,7.1012745,4982604,Europe,35382838.728798
Israel,6.3599873,8800379,Asia,55970298.6751867
Italy,5.097115,59912763,Europe,305382242.978745
Jamaica,2.2913485,2830746,North America,6486225.600980999
Japan,8.302111,126304536,Asia,1048594277.675496
Jordan,1.9333241,10865231,Asia,21006012.9443671
Kazakhstan,13.461358,19482117,Asia,262255751.534886
Kenya,0.42285332,52217327,Africa,22080270.08347564
Kiribati,0.52147096,126110,Oceania,65762.7027656
Kosovo,5.0585814,1751415,Europe,8859675.342681
Kuwait,22.408785,4400146,Asia,98601925.68261
Kyrgyzstan,1.2994561,6664142,Asia,8659759.9731662
Laos,2.6880474,7346533,Asia,19747828.9296642
Latvia,3.6898801,1901119,Europe,7014901.1658319
Lebanon,3.9343011,5702401,Asia,22434962.5269411
Lesotho,0.9639094,2235727,Africa,2155038.2711338
Liberia,0.15123484,5149471,Africa,778779.42276964
Libya,7.073712,7045404,Africa,49837158.819648005
Liechtenstein,3.6595674,38793,Europe,141965.5981482
Lithuania,4.8004904,2795766,Europe,13421047.8436464
Luxembourg,12.797711,630597,Europe,8070198.163466999
Macao,1.5278246,683073,Asia,1043615.7329958
Madagascar,0.14044012,28953560,Africa,4066241.4408272
Malawi,0.096544944,19533886,Africa,1885897.929972384
Malaysia,8.109902,33889555,Asia,274840969.87361
Maldives,3.20497,502127,Asia,1609301.97119
Mali,0.30241865,21713839,Africa,6566669.87669735
Malta,3.0991688,518213,Europe,1606029.5613544001
Marshall Islands,3.374082,42728,Oceania,144167.775696
Mauritania,0.91546965,4600135,Africa,4211283.978402751
Mauritius,2.9332778,1283230,Africa,3764070.071294
Mexico,3.5102782,126799052,North America,445099948.0162664
Micronesia (country),1.3071826,110931,Oceania,145007.0730006
Moldova,1.6990237,3069135,Europe,5214533.1034995
Mongolia,11.254686,3290788,Asia,37036785.632568
Montenegro,3.8267505,607936,Europe,2326419.391968
Montserrat,4.8572693,4532,North America,22013.1444676
Morocco,1.759688,36584208,Africa,64376791.807104
Mozambique,0.20450525,30783685,Africa,6295425.19684625
Myanmar,0.64784175,53016525,Asia,34346318.33491875
Namibia,1.4791858,2728763,Africa,4036347.4811654
Nauru,4.157225,11665,Oceania,48494.029625
Nepal,0.50777215,28966582,Asia,14708423.6202913
Netherlands,7.8398657,17636732,Europe,138269610.2668924
New Caledonia,17.838543,284186,Oceania,5069464.180998
New Zealand,6.764759,5069893,Oceania,34296604.300787
Nicaragua,0.7028534,6565267,North America,4614420.2328578
Niger,0.11575344,23717614,Africa,2745395.40909216
Nigeria,0.59436333,213996186,Africa,127191485.71825938
Niue,3.7330616,1822,Oceania,6801.6382352
North Korea,1.9257522,26136313,Asia,50332062.2596386
North Macedonia,3.2941804,1872021,Europe,6166774.8865884
Norway,7.663988,5379274,Europe,41226691.384711996
Oman,14.400839,4522503,Asia,65127837.580017
Pakistan,0.88294756,235001743,Asia,207494215.57759708
Palau,11.806878,17817,Oceania,210363.145326
Palestine,0.6628098,5069691,Asia,3360240.8777718
Panama,2.4041464,4293258,North America,10321620.7649712
Papua New Guinea,0.7922191,9815741,Oceania,7776217.5008531
Paraguay,1.1129478,6603742,South America,7349620.1306676
Peru,1.4101644,32838576,South America,46307790.8218944
Philippines,1.1841508,112081271,Asia,132721126.71966681
Poland,7.870152,38171005,Europe,300411611.34276
Portugal,4.048791,10370519,Europe,41988063.992529
Qatar,37.13288,2803373,Asia,104097313.20424
Romania,3.8075497,19392469,Europe,73837789.5232093
Russia,11.21384,146371293,Asia,1641384260.29512
Rwanda,0.10434921,13065839,Africa,1363409.97763719
Saint Helena,3.362702,5451,Africa,18330.088602
Saint Kitts and Nevis,4.842697,46896,North America,227103.11851200002
Saint Lucia,2.698251,178261,North America,480992.92151099996
Saint Pierre and Miquelon,10.503879,5852,North America,61468.699907999995
Saint Vincent and the Grenadines,2.3459349,103540,North America,242898.099546
Samoa,1.1251081,211958,Oceania,238475.6626598
Sao Tome and Principe,0.63678026,217449,Africa,138467.23075674
Saudi Arabia,16.967278,30991205,Asia,525836390.78999
Senegal,0.6583641,16789215,Africa,11053416.4231815
Serbia,6.1388555,6907817,Europe,42406090.3834435
Seychelles,5.762698,120299,Africa,693246.8067020001
Sierra Leone,0.12459599,7912558,Africa,985872.99744242
Singapore,9.274892,5620150,Asia,52126284.2738
Sint Maarten (Dutch part),14.945506,41026,North America,613154.329156
Slovakia,5.698817,5455028,Europe,31087206.301876
Slovenia,6.07037,2102419,Europe,12762461.22503
Solomon Islands,0.41877437,744507,Oceania,311780.44988559
Somalia,0.036114853,16651200,Africa,601355.6402736
South Africa,7.3948026,60562374,Africa,447846800.7173724
South Korea,11.527397,51858480,Asia,597793286.7765601
South Sudan,0.15960138,10698470,Africa,1707490.5758886
Spain,4.510309,47679482,Europe,215049196.779938
Sri Lanka,0.9497855,22561807,Asia,21428877.1423985
Sudan,0.46190912,46789237,Africa,21612375.28814144
Suriname,4.806618,612322,South America,2943197.946996
Sweden,3.5381036,10353680,Europe,36632392.481248
Switzerland,3.9630482,8640582,Europe,34243042.9420524
Syria,1.2667042,21049428,Asia,26663398.855197597
Taiwan,11.409406,23663460,Asia,269986022.50476
Tajikistan,0.9744041,9749310,Asia,9499767.636171
Tanzania,0.22962135,60972801,Africa,14000656.87890135
Thailand,3.8034203,71641484,Asia,272482674.5677252
Togo,0.28204852,8669722,Africa,2445282.25891144
Tonga,1.7403696,105719,Oceania,183990.1337424
Trinidad and Tobago,23.074036,1481026,North America,34173247.240935996
Tunisia,2.342881,11974058,Africa,28053792.981098004
Turkey,4.907883,86091691,Asia,422527946.700153
Turkmenistan,10.830831,6949915,Asia,75273354.829365
Turks and Caicos Islands,8.106011,44404,North America,359939.31244400004
Tuvalu,0.9911632,10423,Oceania,10330.8940336
Uganda,0.124725975,44457149,Africa,5544961.254745275
Ukraine,4.7102127,44680009,Europe,210452345.82791427
United Arab Emirates,23.34033,9448529,Asia,220531784.87457
United Kingdom,4.8652816,67351860,Europe,327685765.183776
United States,14.034053,339436157,North America,4763665017.454321
Uruguay,1.8888899,3398967,South America,6420274.4367333
Uzbekistan,3.2699935,33586372,Asia,109827218.128582
Vanuatu,0.6465315,298868,Oceania,193227.57634200001
Venezuela,2.174631,28444078,South America,61855373.78521801
Vietnam,3.7594166,98079196,Asia,368720557.5570536
Wallis and Futuna,2.1960785,11640,Oceania,25562.353740000002
Yemen,0.33713207,36134868,Asia,12182222.84801676
Zambia,0.4302868,19059395,Africa,8201006.084486
Zimbabwe,0.500945,15526888,Africa,7778116.909159999
